{
    "avg_prec": 0.94186955939552,
    "roc_auc": 0.9592333834754025
}