{
    "avg_prec": 0.9418700507713001,
    "roc_auc": 0.9592341263208721
}