{
    "avg_prec": 0.9418698101249054,
    "roc_auc": 0.9592337548981373
}